<!DOCTYPE hibernate-configuration PUBLIC
        "-//Hibernate/Hibernate Configuration DTD 3.0//EN"
        "http://www.hibernate.org/dtd/hibernate-configuration-3.0.dtd">
<hibernate-configuration>
<session-factory>
<!--connection properties  -->
<property name="hibernate.connection.driver_class">oracle.jdbc.OracleDriver</property>
<property name="hibernate.connection.url">jdbc:oracle:thin:@localhost:1521:xe</property>
<property name="hibernate.connection.username">system</property>
<property name="hibernate.connection.password">oracle</property>
<!--hibernate properties  -->
<property name="hibernate.dialect">org.hibernate.dialect.OracleDialect</property>
<property name="hibernate.show_sql">true</property>
<!-- mapping  properties  -->
<mapping resource="com/saurabh/hibernate/config/student.hbm.xml"/>
</session-factory>
</hibernate-configuration>