<!--student.hbm.xml  -->
<!DOCTYPE hibernate-mapping PUBLIC 
    "-//Hibernate/Hibernate Mapping DTD 3.0//EN"
    "http://www.hibernate.org/dtd/hibernate-mapping-3.0.dtd">
<hibernate-mapping>
<class name="com.saurabh.hibernate.model.Student" table="student">
<id name="studentId" column="sid" type="java.lang.Integer">
<generator class="assigned"/>
</id>
<property name="studentName" column="sname" type="java.lang.String"></property>
<property name="marks" column="marks" type="java.lang.Integer"></property>
</class>
</hibernate-mapping>