<!DOCTYPE hibernate-mapping PUBLIC 
    "-//Hibernate/Hibernate Mapping DTD 3.0//EN"
    "http://www.hibernate.org/dtd/hibernate-mapping-3.0.dtd">  
<hibernate-mapping>
   <class name="com.saurabh.hibernate.model.Customer" table="customer">
      <id name="customerId" column="custid" length="10"/>
      <property name="customerName" column="custname" length="10"/>
      <property name="customerAddress" column="addr" length="10"/>
      <set name="items" cascade="all-delete-orphan">
       <key column="custid_fk"/>
       <one-to-many class="com.saurabh.hibernate.model.Item"/>
       </set>
       
   </class>
</hibernate-mapping>
