<!DOCTYPE hibernate-configuration PUBLIC
        "-//Hibernate/Hibernate Configuration DTD 3.0//EN"
        "http://www.hibernate.org/dtd/hibernate-configuration-3.0.dtd">


<hibernate-configuration>
   <session-factory>
           <!--connection properties-->
      <property name="connection.driver_class">oracle.jdbc.OracleDriver</property>
      <property name="connection.url">jdbc:oracle:thin:@localhost:1521:xe</property>
      <property name="connection.username">system</property>
      <property name="connection.password">oracle</property>
             <!--hibernate properties  -->
   <property  name="hibernate.dialect">org.hibernate.dialect.OracleDialect</property>
   <property name="hibernate.show_sql">true</property>
   <property name="hbm2ddl.auto">update</property>
               <!--mapping Location  -->
     <mapping resource="com/saurabh/hibernate/config/customer.hbm.xml"/>                         
     <mapping resource="com/saurabh/hibernate/config/item.hbm.xml"/>        
   </session-factory>

</hibernate-configuration>