<!DOCTYPE hibernate-configuration PUBLIC
	"-//Hibernate/Hibernate Configuration DTD 3.0//EN"
	"http://www.hibernate.org/dtd/hibernate-configuration-3.0.dtd">

<hibernate-configuration>
<session-factory>
<property name="connection.driver_class">oracle.jdbc.driver.OracleDriver</property>
<property name="connection.url">jdbc:oracle:thin:@localhost:1521:XE</property>
<property name="connection.username">system</property>
<property name="connection.password">oracle</property>
<property name="dialect">org.hibernate.dialect.Oracle10gDialect</property>
<property name="show_sql">true</property>

<mapping resource="com/sathya/hibernate/config/student.hbm.xml"/>
</session-factory>

</hibernate-configuration>