	<!--  log4j2.xml -->
<Configuration>
    <Appenders>
        <Console name="Console" target="SYSTEM_OUT">
            <PatternLayout pattern="%d{HH:mm:ss} [%t] %-5level %logger - %msg%n" />
        </Console>
        <File name="MyFile" fileName="C:/Logs/all.log" 			immediateFlush="false">
            <PatternLayout pattern="%d{yyy-MM-dd HH:mm:ss.SSS} [%t] %-5level %logger - %msg%n"/>
        </File>
    </Appenders>
    <Loggers>
        <Root level="trace">
            <AppenderRef ref="Console" />
            <AppenderRef ref="MyFile"/>
        </Root>
    </Loggers>
</Configuration>